{
  "timestamp" : "1970-01-01T00-00-00-000Z",
  "workloadIntensity" : 17,
  "probabilities" : [ 0.058823529411764705, 0.4117647058823529, 0.29411764705882354, 0.11764705882352941, 0.11764705882352941 ]
}